<?xml version="1.0"?>
<ruleset xmlns:xsi="https://www.w3.org/2001/XMLSchema-instance"
         name="whizbang PMD ruleset"
         xmlns="https://pmd.sourceforge.net/ruleset/2.0.0"
         xsi:schemaLocation="https://pmd.sourceforge.net/ruleset/2.0.0 https://pmd.sourceforge.net/ruleset_2_0_0.xsd">


    <rule ref="category/java/bestpractices.xml/AvoidUsingHardCodedIP"/>
    <rule ref="category/java/bestpractices.xml/CheckResultSet"/>
    <rule ref="category/java/bestpractices.xml/UnusedImports"/>
    <rule ref="category/java/bestpractices.xml/UnusedFormalParameter"/>
    <rule ref="category/java/bestpractices.xml/UnusedLocalVariable"/>
    <rule ref="category/java/bestpractices.xml/UnusedPrivateField"/>
    <rule ref="category/java/bestpractices.xml/UnusedPrivateMethod"/>

    <rule ref="category/java/codestyle.xml/DontImportJavaLang"/>
    <rule ref="category/java/codestyle.xml/DuplicateImports"/>

    <rule
            ref="category/java/errorprone.xml/AvoidBranchingStatementAsLastInLoop"/>
    <rule
            ref="category/java/errorprone.xml/AvoidDecimalLiteralsInBigDecimalConstructor"/>
    <rule
            ref="category/java/errorprone.xml/AvoidMultipleUnaryOperators"/>
    <rule ref="category/java/errorprone.xml/AvoidUsingOctalValues"/>
    <rule ref="category/java/errorprone.xml/BrokenNullCheck"/>
</ruleset>
